{"text": " Hallo.", "segments": [{"id": 0, "seek": 0, "start": 0.0, "end": 2.0, "text": " Hallo.", "tokens": [50364, 21242, 13, 50464], "temperature": 0.0, "avg_logprob": -0.8567132949829102, "compression_ratio": 0.42857142857142855, "no_speech_prob": 0.11866946518421173}], "language": "nl"}