{"text": " Hello, world!", "segments": [{"id": 0, "seek": 0, "start": 0.0, "end": 2.0, "text": " Hello, world!", "tokens": [50364, 2425, 11, 1002, 0, 50464], "temperature": 1.0, "avg_logprob": -1.0673634665352958, "compression_ratio": 0.6190476190476191, "no_speech_prob": 0.2147604525089264}], "language": "en"}