{"text": " Hi, this is Adilet and this is a test of our local machine. We are working on the test project.", "segments": [{"id": 0, "seek": 0, "start": 0.0, "end": 7.0, "text": " Hi, this is Adilet and this is a test of our local machine.", "tokens": [50364, 2421, 11, 341, 307, 1999, 388, 302, 293, 341, 307, 257, 1500, 295, 527, 2654, 3479, 13, 50714], "temperature": 0.0, "avg_logprob": -0.33963966369628906, "compression_ratio": 1.1176470588235294, "no_speech_prob": 0.023064445704221725}, {"id": 1, "seek": 0, "start": 7.0, "end": 11.0, "text": " We are working on the test project.", "tokens": [50714, 492, 366, 1364, 322, 264, 1500, 1716, 13, 50914], "temperature": 0.0, "avg_logprob": -0.33963966369628906, "compression_ratio": 1.1176470588235294, "no_speech_prob": 0.023064445704221725}], "language": "en"}