{"text": " Hello, world.", "segments": [{"id": 0, "seek": 0, "start": 0.0, "end": 2.0, "text": " Hello, world.", "tokens": [50364, 2425, 11, 1002, 13, 50464], "temperature": 0.0, "avg_logprob": -0.8010178293500628, "compression_ratio": 0.6190476190476191, "no_speech_prob": 0.11210563778877258}], "language": "en"}